nest,nest_letter,forest,forest_binary,pit,pit_letter,initiation_clutch,sample_ID,sample,year,river,period,outcome,s_f,dect_days,type,sample_time_hours,sample_elapsed_min,tol,mass,smi,testosterone,testosterone_limit,testosterone_nada,dht,dht_limit,dht_nada,cortisol,cortisol_limit,cortisol_detected,cortisol_nada,corticosterone,corticosterone_limit,corticosterone_nada,leeches,leeches_binomial,run,run_year
10_13,A,64.3,high,659003,A,442,194,194,2013,s,one month,success,1,23,t0,12.06,1.67,41.2,495,487.68,0.2,1,TRUE,1,1,TRUE,0.8,1,0,TRUE,0.8,1,TRUE,6,1,1,2019
10_13,A,64.3,high,659003,A,442,271,271,2013,s,initiation,success,1,0,t0,12.07,1.82,40.8,480,487.24,3.77,0,FALSE,3.5697,0,FALSE,4.2888,0,1,FALSE,0.8,1,TRUE,3,1,1,2019
10_15,B,64.3,high,788628,B,232,149,149,2015,s,initiation,success,1,0,t60,16.1,65.82,42.7,490,432.66,5.8,0,FALSE,5.4558,0,FALSE,4.9479,0,1,FALSE,0.8,1,TRUE,10,1,1,2019
10_15,B,64.3,high,788628,B,232,269,269,2015,s,initiation,success,1,0,t0,16,1.82,42.7,490,432.66,5.02,0,FALSE,3.8679,0,FALSE,0.8,1,0,TRUE,0.8,1,TRUE,10,1,1,2019
10_16,C,64.3,high,788628,B,605,140,140,2016,s,one month,cannibal,0,40,t60,14.27,62.33,43.5,630,525.52,0.2,1,TRUE,1,1,TRUE,4.8006,0,1,FALSE,1.0279,0,FALSE,3,1,1,2019
10_16,C,64.3,high,788628,B,605,171,171,2016,s,one month,cannibal,0,40,t0,13.27,2.57,43.5,630,525.52,0.2,1,TRUE,1,1,TRUE,0.8,1,0,TRUE,0.8,1,TRUE,3,1,2,2019
104_14,D,55.2,low,75768,C,627,126,126_3,2014,m,one month,cannibal,0,29,t60,12.61,62.62,49.2,705,403.29,0.2,1,TRUE,1,1,TRUE,14.0586,0,1,FALSE,5.1992,0,FALSE,0,0,3,2022
104_14,D,55.2,low,75768,C,627,162,162_3,2014,m,initiation,cannibal,0,0,t0,11.36,1.82,50.2,700,376.49,12.162,0,FALSE,9.4013,0,FALSE,0.8,1,0,TRUE,0.8,1,TRUE,0,0,3,2022
104_14,D,55.2,low,75768,C,627,220,220_3,2014,m,one month,cannibal,0,29,t0,11.58,0.82,49.2,705,403.29,0.2,1,TRUE,1,1,TRUE,1.4384,0,1,FALSE,0.8,1,TRUE,0,0,3,2022
106_17,E,55.2,low,842110,D,240,149,149_3,2017,m,one month,cannibal,0,32,t60,11.53,61.5,53.6,890,391.61,0.2,1,TRUE,1,1,TRUE,7.4284,0,1,FALSE,0.8,1,TRUE,0,0,3,2022
106_17,E,55.2,low,842110,D,240,229,229_3,2017,m,initiation,cannibal,0,3,t60,15.63,61.17,53.3,860,384.98,0.4289,0,FALSE,1,1,TRUE,3.8595,0,1,FALSE,0.8,1,TRUE,0,0,3,2022
106_17,E,55.2,low,842110,D,240,231,231_3,2017,m,initiation,cannibal,0,3,t0,14.64,1.53,53.3,860,384.98,0.2,1,TRUE,1,1,TRUE,0.8,1,0,TRUE,0.8,1,TRUE,0,0,3,2022
106_17,E,55.2,low,842110,D,240,99,99_3,2017,m,one month,cannibal,0,32,t0,10.55,2.75,53.6,890,391.61,0.2,1,TRUE,1,1,TRUE,0.8,1,0,TRUE,0.8,1,TRUE,0,0,3,2022
107_21,F,55.2,low,566257,E,402,120,120_3,2021,m,one month,cannibal,0,25,t0,11.18,1.47,56.1,1180,451.54,0.2,1,TRUE,1,1,TRUE,0.8,1,0,TRUE,0.8,1,TRUE,0,0,3,2022
107_21,F,55.2,low,566257,E,402,133,133_3,2021,m,initiation,cannibal,0,1,t60,11.37,67.3,55.3,1080,431.87,20.4669,0,FALSE,12.3823,0,FALSE,3.8777,0,1,FALSE,0.8,1,TRUE,0,0,3,2022
107_21,F,55.2,low,566257,E,402,197,197_3,2021,m,initiation,cannibal,0,1,t0,10.3,3.15,55.3,1080,431.87,18.2172,0,FALSE,7.3395,0,FALSE,0.8,1,0,TRUE,0.8,1,TRUE,0,0,3,2022
107_21,F,55.2,low,566257,E,402,32,32_3,2021,m,one month,cannibal,0,25,t60,12.24,64.65,56.1,1180,451.54,0.2,1,TRUE,1,1,TRUE,9.3045,0,1,FALSE,4.2275,0,FALSE,0,0,3,2022
135_14,G,64.3,high,672688,F,339,19,19,2014,s,one month,success,1,30,t0,12.71,2.97,33.2,275,524.92,0.29,0,FALSE,1,1,TRUE,0.8,1,0,TRUE,0.8,1,TRUE,0,0,1,2019
135_14,G,64.3,high,672688,F,339,221,221,2014,s,one month,success,1,30,t60,13.71,62.97,33.2,275,524.92,0.35,0,FALSE,1,1,TRUE,4.6117,0,1,FALSE,1.9331,0,FALSE,0,0,1,2019
135_14,G,64.3,high,672688,F,339,401,401,2014,s,initiation,success,1,0,t0,13.27,3.57,33,212,412.22,9.89,0,FALSE,7.9839,0,FALSE,0.8,1,0,TRUE,0.8,1,TRUE,0,0,2,2019
135_15,H,64.3,high,672688,F,326,57,57,2015,s,initiation,success,1,0,t60,12.85,61.85,34.8,285,470.96,8.91,0,FALSE,9.3163,0,FALSE,4.7057,0,1,FALSE,0.8,1,TRUE,0,0,1,2019
135_15,H,64.3,high,672688,F,326,222,222,2015,s,initiation,success,1,0,t0,11.82,0.87,34.8,285,470.96,7.64,0,FALSE,6.1238,0,FALSE,0.8,1,0,TRUE,0.8,1,TRUE,0,0,1,2019
137_15,I,64.3,high,972668,G,332,188,188,2015,s,initiation,success,1,0,t0,13.99,1.85,45,570,428.57,0.55,0,FALSE,1,1,TRUE,0.8,1,0,TRUE,0.8,1,TRUE,8,1,2,2019
137_15,I,64.3,high,972668,G,332,344,344,2015,s,initiation,success,1,0,t60,15,60.7,45,570,428.57,0.86,0,FALSE,1,1,TRUE,5.9191,0,1,FALSE,0.8,1,TRUE,8,1,2,2019
14_16,J,64.3,high,16019,H,195,98,98,2016,s,one month,success,1,29,t60,12.24,63.42,41.2,405,399.01,0.2,1,TRUE,1,1,TRUE,6.007,0,1,FALSE,1.5531,0,FALSE,5,1,1,2019
14_16,J,64.3,high,16019,H,195,203,203,2016,s,one month,success,1,29,t0,11.27,4.95,41.2,405,399.01,0.2,1,TRUE,1,1,TRUE,0.8,1,0,TRUE,0.8,1,TRUE,5,1,1,2019
143_14,K,66.5,high,7B0E23,I,369,18,18,2014,s,initiation,success,1,0,t0,15.97,1.97,39.9,335,364.11,12.9,0,FALSE,5.6461,0,FALSE,1.1552,0,1,FALSE,0.8,1,TRUE,8,1,1,2019
143_14,K,66.5,high,7B0E23,I,369,154,154,2014,s,one month,success,1,30,t60,12.28,62.03,40.7,385,393.76,0.23,0,FALSE,1,1,TRUE,6.8833,0,1,FALSE,2.1562,0,FALSE,0,0,2,2019
143_14,K,66.5,high,7B0E23,I,369,195,195,2014,s,one month,success,1,30,t0,11.3,3.12,40.7,385,393.76,0.2,1,TRUE,1,1,TRUE,0.8,1,0,TRUE,0.8,1,TRUE,0,0,1,2019
145_16,L,66.5,high,75286,J,240,80,80,2016,s,one month,cannibal,0,32,t0,12.1,2.17,48.3,730,441.89,0.2,1,TRUE,1,1,TRUE,0.8,1,0,TRUE,0.8,1,TRUE,1,1,1,2019
145_16,L,66.5,high,75286,J,240,202,202,2016,s,one month,cannibal,0,32,t60,13.08,60.93,48.3,730,441.89,0.4,0,FALSE,1,1,TRUE,11.5276,0,1,FALSE,6.214,0,FALSE,1,1,1,2019
145_18,M,66.5,high,66282,K,NA,363,363,2018,s,one month,success,1,25,t0,10.64,1.65,38.8,315,372.98,0.2,1,TRUE,1,1,TRUE,0.8,1,0,TRUE,0.8,1,TRUE,0,0,2,2019
145_18,M,66.5,high,66282,K,NA,394,394,2018,s,one month,success,1,25,t60,11.65,62.27,38.8,315,372.98,0.2,1,TRUE,1,1,TRUE,6.8288,0,1,FALSE,0.8,1,TRUE,0,0,2,2019
146_15,N,66.5,high,662236,L,465,92,92,2015,s,initiation,success,1,0,t60,12.24,63.17,43.7,440,361.91,5.37,0,FALSE,4.3402,0,FALSE,4.6414,0,1,FALSE,0.8,1,TRUE,2,1,1,2019
146_15,N,66.5,high,662236,L,465,325,325,2015,s,initiation,success,1,0,t0,11.18,2.67,43.7,440,361.91,4.2,0,FALSE,3.6036,0,FALSE,0.8,1,0,TRUE,0.8,1,TRUE,2,1,2,2019
146_18,O,66.5,high,980243,M,NA,124,124,2018,s,one month,success,1,24,t0,11.34,1.77,43.7,460,378.36,0.21,0,FALSE,1,1,TRUE,2.451,0,1,FALSE,0.8,1,TRUE,1,1,1,2019
146_18,O,66.5,high,980243,M,NA,400,400,2018,s,one month,success,1,24,t60,12.31,59.75,43.7,460,378.36,0.29,0,FALSE,1,1,TRUE,8.3601,0,1,FALSE,1.4853,0,FALSE,1,1,2,2019
15_13,P,66.5,high,16019,H,366,89,89,2013,s,initiation,cannibal,0,0,t0,11.05,2.43,37.8,325,416.87,1.25,0,FALSE,1.4171,0,FALSE,0.8,1,0,TRUE,0.8,1,TRUE,0,0,1,2019
15_13,P,66.5,high,16019,H,366,311,311,2013,s,one month,cannibal,0,27,t0,16.1,1.72,38,425,536.4,0.2,1,TRUE,1,1,TRUE,0.8,1,0,TRUE,0.8,1,TRUE,0,0,2,2019
151_15,Q,66.5,high,34424,N,363,216,216,2015,s,initiation,success,1,0,t0,13.98,1.2,44.8,570,434.46,11.75,0,FALSE,6.1124,0,FALSE,0.8,1,0,TRUE,0.8,1,TRUE,0,0,1,2019
151_15,Q,66.5,high,34424,N,363,326,326,2015,s,initiation,success,1,0,t60,14.98,60.33,44.8,570,434.46,11.92,0,FALSE,8.0009,0,FALSE,5.9712,0,1,FALSE,2.1146,0,FALSE,0,0,2,2019
193_20,R,64.3,high,570A13,O,332,134,134_3,2020,s,initiation,success,1,1,t60,12.53,60.03,47.8,620,387.46,58.85,0,FALSE,33.9843,0,FALSE,5.8002,0,1,FALSE,2.6736,0,FALSE,1,1,3,2022
193_20,R,64.3,high,570A13,O,332,34,34_3,2020,s,one month,success,1,29,t0,10.76,2.58,48.5,650,388.51,0.2,1,TRUE,1,1,TRUE,0.8,1,0,TRUE,0.8,1,TRUE,2,1,3,2022
193_20,R,64.3,high,570A13,O,332,59,59_3,2020,s,one month,success,1,29,t60,11.71,59.9,48.5,650,388.51,0.2,1,TRUE,1,1,TRUE,5.3568,0,1,FALSE,1.3215,0,FALSE,2,1,3,2022
198_15,S,64.3,high,6D7623,P,1006,49,49,2015,s,one month,cannibal,0,39,t60,13.4,60.32,46.5,850,578.02,0.2,1,TRUE,1,1,TRUE,8.2583,0,1,FALSE,4.3854,0,FALSE,1,1,1,2019
198_15,S,64.3,high,6D7623,P,1006,196,196,2015,s,initiation,cannibal,0,0,t0,10.4,3.82,46.5,650,442.01,10.8,0,FALSE,6.3298,0,FALSE,0.8,1,0,TRUE,0.8,1,TRUE,2,1,1,2019
198_15,S,64.3,high,6D7623,P,1006,200,200,2015,s,one month,cannibal,0,39,t0,12.44,2.83,46.5,850,578.02,0.2,1,TRUE,1,1,TRUE,1.6493,0,1,FALSE,0.8,1,TRUE,1,1,1,2019
198_15,S,64.3,high,6D7623,P,1006,282,282,2015,s,initiation,cannibal,0,0,t60,11.4,60,46.5,650,442.01,9.89,0,FALSE,6.5878,0,FALSE,5.5971,0,1,FALSE,1.1488,0,FALSE,2,1,1,2019
198_17,T,64.3,high,6D7623,P,914,15,15,2017,s,initiation,cannibal,0,2,t60,16.58,60,47.3,640,413.05,6.74,0,FALSE,3.123,0,FALSE,9.4063,0,1,FALSE,3.7888,0,FALSE,6,1,1,2019
198_17,T,64.3,high,6D7623,P,914,25,25,2017,s,one month,cannibal,0,29,t0,16.27,1.33,48.1,640,392.37,0.2,1,TRUE,1,1,TRUE,2.2427,0,1,FALSE,0.8,1,TRUE,0,0,1,2019
198_17,T,64.3,high,6D7623,P,914,146,146,2017,s,initiation,cannibal,0,2,t0,15.58,0.97,47.3,640,413.05,7.16,0,FALSE,2.7311,0,FALSE,1.5084,0,1,FALSE,0.8,1,TRUE,6,1,1,2019
198_17,T,64.3,high,6D7623,P,914,362,362,2017,s,one month,cannibal,0,29,t60,17.27,61.07,48.1,640,392.37,0.2,1,TRUE,1,1,TRUE,6.8945,0,1,FALSE,1.1722,0,FALSE,0,0,2,2019
200_15,U,66.5,high,65622,Q,235,148,148,2015,s,initiation,success,1,0,t60,11.63,60,36.8,280,389.89,0.2,1,TRUE,1,1,TRUE,4.6163,0,1,FALSE,0.8,1,TRUE,7,1,1,2019
206_21,V,55.2,low,565461,R,280,43,43_3,2021,m,one month,cannibal,0,28,t60,14.39,60.2,51,830,425.3,0.2,1,TRUE,1,1,TRUE,16.6571,0,1,FALSE,3.1579,0,FALSE,0,0,3,2022
206_21,V,55.2,low,565461,R,280,86,86_3,2021,m,initiation,cannibal,0,1,t0,14.8,3.13,50.8,820,425.27,0.2,1,TRUE,1,1,TRUE,0.8,1,0,TRUE,0.8,1,TRUE,0,0,3,2022
206_21,V,55.2,low,565461,R,280,89,89_3,2021,m,one month,cannibal,0,28,t0,14.39,60.2,51,830,425.3,0.2,1,TRUE,1,1,TRUE,0.8,1,0,TRUE,0.8,1,TRUE,0,0,3,2022
206_21,V,55.2,low,565461,R,280,92,92_3,2021,m,initiation,cannibal,0,1,t60,15.77,61.3,50.8,820,425.27,0.5483,0,FALSE,1,1,TRUE,2.3074,0,1,FALSE,0.8,1,TRUE,0,0,3,2022
21_18,W,64.3,high,659062,S,NA,396,396,2018,s,one month,success,1,NA,t0,10.64,1.35,41,515,515,0.2,0,FALSE,1,1,TRUE,0.8,1,0,TRUE,0.8,1,TRUE,0,0,2,2019
21_21,X,64.3,high,659062,S,445,19,19_3,2021,s,one month,cannibal,0,31,t0,10.58,1.42,45.2,805,597.09,0.2,1,TRUE,1,1,TRUE,0.8,1,0,TRUE,0.8,1,TRUE,1,1,3,2022
21_21,X,64.3,high,659062,S,445,208,208_3,2021,s,initiation,cannibal,0,1,t0,11.38,2.02,45.1,600,448.07,7.31,0,FALSE,5.2946,0,FALSE,0.8,1,0,TRUE,0.8,1,TRUE,0,0,3,2022
21_21,X,64.3,high,659062,S,445,39,39_3,2021,s,initiation,cannibal,0,1,t60,12.37,61.2,45.1,600,448.07,7.31,0,FALSE,5.0844,0,FALSE,2.2697,0,1,FALSE,2.8502,0,FALSE,4,1,3,2022
21_21,X,64.3,high,659062,S,445,98,98_3,2021,s,one month,cannibal,0,31,t60,11.57,60.73,45.2,805,597.09,0.2,1,TRUE,1,1,TRUE,5.5229,0,1,FALSE,1.8066,0,FALSE,1,1,3,2022
221_20,Y,67.9,high,557083,T,515,119,119_3,2020,s,one month,success,1,34,t0,14.17,2.57,43.8,500,408.39,0.2,1,TRUE,1,1,TRUE,0.8,1,0,TRUE,0.8,1,TRUE,0,0,3,2022
221_20,Y,67.9,high,557083,T,515,129,129_3,2020,s,one month,success,1,34,t60,15.13,60.48,43.8,500,408.39,0.2,1,TRUE,1,1,TRUE,0.8,1,0,TRUE,0.8,1,TRUE,0,0,3,2022
221_20,Y,67.9,high,557083,T,515,193,193_3,2020,s,initiation,success,1,2,t0,12.35,2.82,42.9,460,400.39,4.2,0,FALSE,1,1,TRUE,0.8,1,0,TRUE,0.8,1,TRUE,0,0,3,2022
221_20,Y,67.9,high,557083,T,515,194,194_3,2020,s,initiation,success,1,2,t60,13.34,61.9,42.9,460,400.39,5.02,0,FALSE,3.2903,0,FALSE,1.505,0,1,FALSE,0.8,1,TRUE,0,0,3,2022
222_19,Z,61.9,low,565282,U,523,209,209_3,2019,s,initiation,cannibal,0,1,t0,12.75,1.28,37.2,270,363.72,4.2732,0,FALSE,3.0993,0,FALSE,0.8,1,0,TRUE,0.8,1,TRUE,0,0,3,2022
222_19,Z,61.9,low,565282,U,523,63,63_3,2019,s,one month,cannibal,0,32,t0,12.52,1.83,38.2,370,459.53,0.2,1,TRUE,1,1,TRUE,1.0114,0,1,FALSE,0.8,1,TRUE,0,0,3,2022
222_19,Z,61.9,low,565282,U,523,87,87_3,2019,s,one month,cannibal,0,32,t60,13.5,60.67,28.2,370,459.53,0.2,1,TRUE,1,1,TRUE,12.5246,0,1,FALSE,4.2597,0,FALSE,0,0,3,2022
224_17,AA,64.3,high,672165,V,137,52,52,2017,s,one month,success,1,27,t60,15.78,59.17,43.6,520,430.72,0.2,0,FALSE,1,1,TRUE,5.1943,0,1,FALSE,0.9678,0,FALSE,1,1,1,2019
224_17,AA,64.3,high,672165,V,137,240,240,2017,s,one month,success,1,27,t0,14.81,1.03,43.6,520,430.72,0.2,1,TRUE,1,1,TRUE,0.8,1,0,TRUE,0.8,1,TRUE,1,1,1,2019
224_17,AA,64.3,high,672165,V,137,333,333,2017,s,initiation,success,1,0,t0,12.27,1.5,43.1,520,446.22,45.37,0,FALSE,13.4408,0,FALSE,1.0916,0,1,FALSE,0.8,1,TRUE,2,1,2,2019
224_17,AA,64.3,high,672165,V,137,348,348,2017,s,initiation,success,1,0,t60,13.25,59.03,43.1,520,446.22,52.02,0,FALSE,148.4178,0,FALSE,2.4604,0,1,FALSE,1.0262,0,FALSE,2,1,2,2019
267_15,AB,67.9,high,868832,W,1152,263,263,2015,s,initiation,success,1,0,t0,15.7,2.47,48.1,600,367.84,91.78,0,FALSE,23.8547,0,FALSE,0.8,1,0,TRUE,0.8,1,TRUE,0,0,1,2019
267_15,AB,67.9,high,868832,W,1152,279,279,2015,s,initiation,success,1,0,t60,16.77,64,48.1,600,367.84,94.47,0,FALSE,43.1243,0,FALSE,6.8632,0,1,FALSE,0.9522,0,FALSE,0,0,1,2019
275_19,AC,61.9,low,890795,X,283,168,168_3,2019,s,one month,cannibal,0,29,t60,12.05,60.18,55.3,1025,409.87,0.2,1,TRUE,1,1,TRUE,9.4349,0,1,FALSE,0.8,1,TRUE,0,0,3,2022
275_19,AC,61.9,low,890795,X,283,198,198_3,2019,s,initiation,cannibal,0,1,t60,13.2,60.97,56,1020,392.45,8.2205,0,FALSE,5.6339,0,FALSE,4.965,0,1,FALSE,0.8,1,TRUE,0,0,3,2022
275_19,AC,61.9,low,890795,X,283,45,45_3,2019,s,initiation,cannibal,0,1,t0,12.21,1.88,56,1020,392.45,6.708,0,FALSE,4.0557,0,FALSE,0.8,1,0,TRUE,0.8,1,TRUE,0,0,3,2022
275_19,AC,61.9,low,890795,X,283,47,47_3,2019,s,one month,cannibal,0,29,t0,11.08,1.57,55.3,1025,409.87,0.2,1,TRUE,1,1,TRUE,0.8,1,0,TRUE,0.8,1,TRUE,0,0,3,2022
275_20,AD,61.9,low,890795,X,360,115,115_3,2020,s,one month,success,1,31,t60,11.69,60.55,55,960,390.33,0.2,1,TRUE,1,1,TRUE,6.5053,0,1,FALSE,3.1022,0,FALSE,0,0,3,2022
275_20,AD,61.9,low,890795,X,360,145,145_3,2020,s,initiation,success,1,1,t60,11.22,2.9,55.5,1000,395.48,4.6616,0,FALSE,3.222,0,FALSE,1.9732,0,1,FALSE,0.8,1,TRUE,0,0,3,2022
275_20,AD,61.9,low,890795,X,360,170,170_3,2020,s,initiation,success,1,1,t0,11.22,2.9,55.5,1000,395.48,3.4264,0,FALSE,1,1,TRUE,0.8,1,0,TRUE,0.8,1,TRUE,0,0,3,2022
275_20,AD,61.9,low,890795,X,360,26,26_3,2020,s,one month,success,1,31,t0,10.71,1.73,55,960,390.33,0.2,1,TRUE,1,1,TRUE,0.8,1,0,TRUE,0.8,1,TRUE,0,0,3,2022
281_19,AE,67.9,high,565070,Y,204,13,13_3,2019,s,initiation,cannibal,0,2,t0,11.79,1.08,44.8,590,449.7,1.65,0,FALSE,1,1,TRUE,0.8,1,0,TRUE,0.8,1,TRUE,0,0,3,2022
281_19,AE,67.9,high,565070,Y,204,144,144_3,2019,s,initiation,cannibal,0,2,t60,12.79,60.78,44.8,590,449.7,1.96,0,FALSE,1,1,TRUE,0.8,1,0,TRUE,0.8,1,TRUE,0,0,3,2022
281_19,AE,67.9,high,565070,Y,204,68,68_3,2019,s,one month,cannibal,0,33,t60,13.1,63.03,44.5,565,439.6,0.2,1,TRUE,1,1,TRUE,7.7583,0,1,FALSE,0.8,1,TRUE,0,0,3,2022
281_19,AE,67.9,high,565070,Y,204,9,9_3,2019,s,one month,cannibal,0,33,t0,12.1,2.83,44.5,565,439.6,0.2,1,TRUE,1,1,TRUE,3.1084,0,1,FALSE,0.8,1,TRUE,0,0,3,2022
289_18,AF,67.9,high,914343,Z,542,5,5,2018,s,initiation,cannibal,0,0,t0,16.51,1.65,45.4,510,373.2,1.12,0,FALSE,1,1,TRUE,1.385,0,1,FALSE,0.8,1,TRUE,5,1,1,2019
289_18,AF,67.9,high,914343,Z,542,32,32,2018,s,one month,cannibal,0,25,t0,13.5,2.58,45.7,590,423.12,0.2,1,TRUE,1,1,TRUE,0.8,1,0,TRUE,0.8,1,TRUE,3,1,1,2019
289_18,AF,67.9,high,914343,Z,542,212,212,2018,s,one month,cannibal,0,25,t60,14.5,62.8,45.7,590,423.12,0.2,1,TRUE,1,1,TRUE,4.3831,0,1,FALSE,0.8,1,TRUE,3,1,1,2019
289_18,AF,67.9,high,914343,Z,542,329,329,2018,s,initiation,cannibal,0,0,t60,17.51,60.32,45.4,510,373.2,1.01,0,FALSE,1,1,TRUE,4.443,0,1,FALSE,1.3774,0,FALSE,5,1,2,2019
297_16,AG,55.2,low,83128,AA,362,101,101_3,2016,m,one month,cannibal,0,30,t60,11.43,60.62,44.3,660,520.65,0.2,1,TRUE,1,1,TRUE,3.1789,0,1,FALSE,0.8,1,TRUE,0,0,3,2022
297_16,AG,55.2,low,83128,AA,362,65,65_3,2016,m,one month,cannibal,0,30,t0,10.46,2.58,44.3,660,520.65,0.4924,0,FALSE,1,1,TRUE,0.8,1,0,TRUE,0.8,1,TRUE,0,0,3,2022
298_15,AH,55.2,low,75768,C,699,146,146_3,2015,m,one month,cannibal,0,52,t60,12.38,59.18,50.1,835,451.85,0.4405,0,FALSE,1,1,TRUE,3.774,0,1,FALSE,0.8,1,TRUE,0,0,3,2022
298_15,AH,55.2,low,75768,C,699,159,159_3,2015,m,one month,cannibal,0,52,t0,11.41,1.03,50.1,835,451.85,0.2,1,TRUE,1,1,TRUE,0.8,1,0,TRUE,0.8,1,TRUE,0,0,3,2022
298_15,AH,55.2,low,75768,C,699,196,196_3,2015,m,initiation,cannibal,0,0,t60,15.25,60.83,49.8,650,358.27,22.3426,0,FALSE,8.478,0,FALSE,4.9147,0,1,FALSE,0.8,1,TRUE,0,0,3,2022
298_15,AH,55.2,low,75768,C,699,228,228_3,2015,m,initiation,cannibal,0,0,t0,14.27,2.07,49.8,650,358.27,18.6823,0,FALSE,4.7974,0,FALSE,0.8,1,0,TRUE,0.8,1,TRUE,0,0,3,2022
298_16,AI,55.2,low,75768,C,154,154,154_3,2016,m,one month,cannibal,0,34,t60,16.53,60.92,50.6,680,356.95,0.3336,0,FALSE,1,1,TRUE,8.8087,0,1,FALSE,2.2573,0,FALSE,0,0,3,2022
298_16,AI,55.2,low,75768,C,154,164,164_3,2016,m,initiation,cannibal,0,4,t60,10.89,30,49.4,770,435.03,48.1666,0,FALSE,22.2627,0,FALSE,0.8,1,0,TRUE,5.3017,0,FALSE,0,0,3,2022
298_16,AI,55.2,low,75768,C,154,18,18_3,2016,m,one month,cannibal,0,34,t0,15.55,1.67,50.6,680,356.95,0.2,1,TRUE,1,1,TRUE,0.8,1,0,TRUE,0.8,1,TRUE,0,0,3,2022
298_16,AI,55.2,low,75768,C,154,37,37_3,2016,m,initiation,cannibal,0,4,t0,10.92,2,49.4,770,435.03,41.9943,0,FALSE,17.2902,0,FALSE,0.8,1,0,TRUE,0.8,1,TRUE,0,0,3,2022
3_13,AJ,64.3,high,674235,AB,345,218,218,2013,s,one month,success,1,27,t0,11.87,1.1,43.7,430,353.69,0.34,0,FALSE,1,1,TRUE,0.8,1,0,TRUE,0.8,1,TRUE,2,1,1,2019
3_13,AJ,64.3,high,674235,AB,345,299,299,2013,s,initiation,success,1,0,t0,15.76,2.25,44,445,358.43,12.36,0,FALSE,6.6825,0,FALSE,0.8,1,0,TRUE,0.8,1,TRUE,0,0,2,2019
3_14,AK,64.3,high,674235,AB,345,152,152,2014,s,initiation,success,1,0,t0,12.65,2,45.1,445,332.32,8.33,0,FALSE,7.8031,0,FALSE,1.237,0,1,FALSE,0.8,1,TRUE,0,0,2,2019
3_14,AK,64.3,high,674235,AB,345,191,191,2014,s,one month,success,1,39,t60,16.39,61.8,44.8,485,369.67,0.2,1,TRUE,1,1,TRUE,5.9469,0,1,FALSE,2.6489,0,FALSE,0,0,1,2019
3_14,AK,64.3,high,674235,AB,345,322,322,2014,s,one month,success,1,39,t0,15.38,1.27,44.8,485,369.67,0.2,1,TRUE,1,1,TRUE,0.8,1,0,TRUE,0.8,1,TRUE,0,0,2,2019
3_15,AL,64.3,high,674235,AB,415,93,93,2015,s,initiation,success,1,0,t60,13.5,61.95,46,520,365.52,8.79,0,FALSE,7.6242,0,FALSE,5.3776,0,1,FALSE,1.3401,0,FALSE,1,1,1,2019
3_15,AL,64.3,high,674235,AB,415,350,350,2015,s,initiation,success,1,0,t0,12.46,1.85,46,520,365.52,7.38,0,FALSE,5.4972,0,FALSE,0.8,1,0,TRUE,0.8,1,TRUE,1,1,2,2019
3_17,AM,64.3,high,674235,AB,172,317,317,2017,s,one month,success,1,29,t0,11.77,0.9,47.5,550,350.41,0.2,1,TRUE,1,1,TRUE,0.8,1,0,TRUE,0.8,1,TRUE,5,1,2,2019
3_17,AM,64.3,high,674235,AB,172,382,382,2017,s,one month,success,1,29,t60,12.75,60.05,47.5,550,350.41,0.2,1,TRUE,1,1,TRUE,8.8463,0,1,FALSE,1.5658,0,FALSE,5,1,2,2019
3_17,AM,64.3,high,674235,AB,172,408,408,2017,s,initiation,success,1,1,t0,14.38,1.98,47.5,580,369.52,1.3,0,FALSE,2.1245,0,FALSE,0.8,1,0,TRUE,0.8,1,TRUE,7,1,2,2019
3_17,AM,64.3,high,674235,AB,172,409,409,2017,s,initiation,success,1,1,t60,15.4,60.98,47.5,580,369.52,1.85,0,FALSE,3.3879,0,FALSE,6.6495,0,1,FALSE,2.3027,0,FALSE,7,1,2,2019
308_17,AN,67.8,high,83242,AC,364,67,67,2017,s,one month,success,1,34,t0,12.67,1.08,44.5,500,389.03,0.3,0,FALSE,1,1,TRUE,0.8,1,0,TRUE,0.8,1,TRUE,2,1,1,2019
308_17,AN,67.8,high,83242,AC,364,137,137,2017,s,one month,success,1,34,t60,13.65,59.83,44.5,500,389.03,0.47,0,FALSE,1,1,TRUE,11.1111,0,1,FALSE,3.4584,0,FALSE,2,1,1,2019
308_17,AN,67.8,high,83242,AC,364,214,214,2017,s,initiation,success,1,2,t60,15.71,62.33,47,490,322.47,8.05,0,FALSE,7.9516,0,FALSE,2.3391,0,1,FALSE,1.4104,0,FALSE,2,1,1,2019
308_17,AN,67.8,high,83242,AC,364,339,339,2017,s,initiation,success,1,2,t0,14.67,4.03,47,490,322.47,7.35,0,FALSE,7.3122,0,FALSE,0.8,1,0,TRUE,0.8,1,TRUE,2,1,2,2019
310_20,AO,67.8,high,92271,AD,282,148,148_3,2020,s,one month,cannibal,0,34,t0,10.91,3.37,48,660,407.22,0.26,0,FALSE,1,1,TRUE,0.8,1,0,TRUE,0.8,1,TRUE,2,1,3,2022
310_20,AO,67.8,high,92271,AD,282,199,199_3,2020,s,one month,cannibal,0,34,t60,11.89,61.73,48,660,407.22,0.42,0,FALSE,1,1,TRUE,2.3365,0,1,FALSE,0.8,1,TRUE,2,1,3,2022
310_20,AO,67.8,high,92271,AD,282,201,201_3,2020,s,initiation,cannibal,0,1,t60,13.25,59.8,46.5,650,442.01,7.65,0,FALSE,6.5031,0,FALSE,5.525,0,1,FALSE,4.8463,0,FALSE,5,1,3,2022
310_20,AO,67.8,high,92271,AD,282,81,81_3,2020,s,initiation,cannibal,0,1,t0,12.3,2.95,46.5,650,442.01,6.92,0,FALSE,8.0553,0,FALSE,0.8,1,0,TRUE,0.8,1,TRUE,5,1,3,2022
310_21,AP,67.8,high,967724,AE,281,31,31_3,2021,s,initiation,success,1,1,t60,12.12,59.8,46,680,477.98,6.72,0,FALSE,1,1,TRUE,3.372,0,1,FALSE,2.0107,0,FALSE,5,1,3,2022
310_21,AP,67.8,high,967724,AE,281,36,36_3,2021,s,one month,success,1,33,t0,11.36,3.03,47,645,424.47,0.2,1,TRUE,1,1,TRUE,0.8,1,0,TRUE,0.8,1,TRUE,0,0,3,2022
310_21,AP,67.8,high,967724,AE,281,38,38_3,2021,s,one month,success,1,33,t60,12.34,61.6,47,645,424.47,0.2,1,TRUE,1,1,TRUE,11.8028,0,1,FALSE,1.5056,0,FALSE,0,0,3,2022
310_21,AP,67.8,high,967724,AE,281,75,75_3,2021,s,initiation,success,1,1,t0,11.14,1.28,46,680,477.98,8.35,0,FALSE,3.6197,0,FALSE,0.8,1,0,TRUE,0.8,1,TRUE,5,1,3,2022
325_20,AQ,67.8,high,565092,AF,523,135,135_3,2020,s,one month,success,1,30,t60,15.78,61.55,38.8,340,402.58,0.77,0,FALSE,1,1,TRUE,0.8,1,0,TRUE,0.8,1,TRUE,0,0,3,2022
325_20,AQ,67.8,high,565092,AF,523,157,157_3,2020,s,one month,success,1,30,t0,14.8,2.23,38.8,340,402.58,0.2,1,TRUE,1,1,TRUE,0.8,1,0,TRUE,0.8,1,TRUE,0,0,3,2022
325_20,AQ,67.8,high,565092,AF,523,17,17_3,2020,s,initiation,success,1,2,t0,13.51,3.12,39.2,340,390.13,49.46,0,FALSE,19.7221,0,FALSE,0.8,1,0,TRUE,0.971,0,FALSE,1,1,3,2022
325_20,AQ,67.8,high,565092,AF,523,172,172_3,2020,s,initiation,success,1,2,t60,14.49,61.6,39.2,340,390.13,46.37,0,FALSE,19.3109,0,FALSE,3.2149,0,1,FALSE,0.8,1,TRUE,1,1,3,2022
327_18,AR,67.8,high,918420,AG,183,126,126,2018,s,one month,success,1,33,t0,10.34,1.2,40.6,385,396.74,0.32,0,FALSE,1,1,TRUE,0.9626,0,1,FALSE,0.8,1,TRUE,0,0,1,2019
327_18,AR,67.8,high,918420,AG,183,179,179,2018,s,one month,success,1,33,t60,11.32,60.05,40.6,385,396.74,0.35,0,FALSE,1,1,TRUE,5.7346,0,1,FALSE,0.8,1,TRUE,0,0,2,2019
327_18,AR,67.8,high,918420,AG,183,266,266,2018,s,initiation,success,1,1,t0,12.19,3.22,41.7,410,389.28,8.82,0,FALSE,6.8723,0,FALSE,0.8,1,0,TRUE,0.8,1,TRUE,0,0,1,2019
327_18,AR,67.8,high,918420,AG,183,367,367,2018,s,initiation,success,1,1,t60,13.22,61.75,41.7,410,389.28,9.1,0,FALSE,11.5483,0,FALSE,3.5632,0,1,FALSE,0.8,1,TRUE,0,0,2,2019
328_20,AS,67.8,high,80277,AH,298,142,142_3,2020,s,initiation,cannibal,0,1,t0,13.49,2.73,43.4,450,378.03,0.2,1,TRUE,1,1,TRUE,0.8,1,0,TRUE,0.8,1,TRUE,0,0,3,2022
328_20,AS,67.8,high,80277,AH,298,155,155_3,2020,s,one month,cannibal,0,31,t60,12.67,61.1,44.2,620,492.5,0.2,1,TRUE,1,1,TRUE,7.678,0,1,FALSE,0.8,1,TRUE,1,1,3,2022
328_20,AS,67.8,high,80277,AH,298,62,62_3,2020,s,one month,cannibal,0,31,t0,11.68,2.03,44.2,620,492.5,0.2,1,TRUE,1,1,TRUE,0.8,1,0,TRUE,0.8,1,TRUE,1,1,3,2022
328_20,AS,67.8,high,80277,AH,298,69,69_3,2020,s,initiation,cannibal,0,1,t60,14.45,60.58,43.4,450,378.03,1.45,0,FALSE,1,1,TRUE,6.508,0,1,FALSE,1.2142,0,FALSE,0,0,3,2022
329_17,AT,67.8,high,917001,AI,198,9,9,2017,s,one month,success,1,34,t0,13.39,1.7,40,500,539.29,0.2,1,TRUE,1,1,TRUE,0.8,1,0,TRUE,0.8,1,TRUE,0,0,1,2019
329_17,AT,67.8,high,917001,AI,198,11,11,2017,s,initiation,success,1,1,t0,15.7,2.22,39.5,405,453.99,57.28,0,FALSE,18.7283,0,FALSE,0.8,1,0,TRUE,0.8,1,TRUE,0,0,1,2019
329_17,AT,67.8,high,917001,AI,198,225,225,2017,s,initiation,success,1,1,t60,16.75,63.08,39.5,405,453.99,70.64,0,FALSE,25.8308,0,FALSE,4.698,0,1,FALSE,4.8745,0,FALSE,0,0,1,2019
329_17,AT,67.8,high,917001,AI,198,369,369,2017,s,one month,success,1,34,t60,14.36,59.67,40,500,539.29,0.38,0,FALSE,1,1,TRUE,4.1586,0,1,FALSE,0.8809,0,FALSE,0,0,2,2019
329_18,AU,67.8,high,917001,AI,590,55,55,2018,s,initiation,cannibal,0,1,t0,12.93,2.57,42.8,450,394.5,15.15,0,FALSE,8.7613,0,FALSE,0.8,1,0,TRUE,0.8,1,TRUE,0,0,1,2019
329_18,AU,67.8,high,917001,AI,590,131,131,2018,s,initiation,cannibal,0,1,t60,13.92,59.38,42.8,450,394.5,15.97,0,FALSE,10.1966,0,FALSE,6.0418,0,1,FALSE,0.8,1,TRUE,0,0,1,2019
329_18,AU,67.8,high,917001,AI,590,242,242,2018,s,one month,cannibal,0,33,t60,11.69,61.82,41.9,595,556.71,0.38,0,FALSE,1,1,TRUE,8.0101,0,1,FALSE,2.2669,0,FALSE,0,0,1,2019
329_18,AU,67.8,high,917001,AI,590,287,287,2018,s,one month,cannibal,0,33,t0,10.68,1.68,41.9,595,556.71,0.25,0,FALSE,1,1,TRUE,0.8,1,0,TRUE,0.8,1,TRUE,0,0,1,2019
334_20,AV,67.9,high,567097,AJ,322,189,189_3,2020,s,initiation,cannibal,0,1,t60,14.47,62.7,45.4,450,329.3,14.24,0,FALSE,6.1637,0,FALSE,4.0937,0,1,FALSE,0.8,1,TRUE,0,0,3,2022
334_20,AV,67.9,high,567097,AJ,322,191,191_3,2020,s,one month,cannibal,0,32,t60,13.95,61.77,45.5,605,439.74,0.2,1,TRUE,1,1,TRUE,6.453,0,1,FALSE,2.5105,0,FALSE,0,0,3,2022
334_20,AV,67.9,high,567097,AJ,322,217,217_3,2020,s,initiation,cannibal,0,1,t0,13.45,1.83,45.4,450,329.3,13.11,0,FALSE,4.6862,0,FALSE,0.8,1,0,TRUE,0.8,1,TRUE,0,0,3,2022
334_20,AV,67.9,high,567097,AJ,322,35,35_3,2020,s,one month,cannibal,0,32,t0,12.95,1.8,45.5,605,439.74,0.2,1,TRUE,1,1,TRUE,0.8,1,0,TRUE,0.8,1,TRUE,0,0,3,2022
337_17,AW,67.9,high,868832,W,241,44,44,2017,s,initiation,cannibal,0,2,t0,14.3,2.62,48.8,710,416.44,19.78,0,FALSE,14.9484,0,FALSE,0.8,1,0,TRUE,0.8,1,TRUE,0,0,1,2019
337_17,AW,67.9,high,868832,W,241,45,45,2017,s,one month,cannibal,0,31,t60,13.64,60.33,48.9,940,547.89,0.68,0,FALSE,1,1,TRUE,9.5724,0,1,FALSE,4.4517,0,FALSE,0,0,1,2019
337_17,AW,67.9,high,868832,W,241,204,204,2017,s,initiation,cannibal,0,2,t60,15.34,62.83,48.8,710,416.44,22.22,0,FALSE,20.8495,0,FALSE,6.2156,0,1,FALSE,2.5144,0,FALSE,0,0,1,2019
337_17,AW,67.9,high,868832,W,241,370,370,2017,s,one month,cannibal,0,31,t0,12.65,1.18,48.9,940,547.89,0.39,0,FALSE,1,1,TRUE,1.6379,0,1,FALSE,0.8,1,TRUE,0,0,2,2019
337_20,AX,67.9,high,563788,AK,274,107,107_3,2020,s,one month,cannibal,0,34,t0,12.3,2.03,44.9,540,408.79,0.2,1,TRUE,1,1,TRUE,0.8,1,0,TRUE,0.8,1,TRUE,0,0,3,2022
337_20,AX,67.9,high,563788,AK,274,131,131_3,2020,s,initiation,cannibal,0,2,t0,13.02,1.95,45.6,475,342.94,22.2,0,FALSE,14.399,0,FALSE,0.8,1,0,TRUE,0.8,1,TRUE,0,0,3,2022
337_20,AX,67.9,high,563788,AK,274,48,48_3,2020,s,initiation,cannibal,0,2,t60,14,61,45.6,475,342.94,24.37,0,FALSE,16.6706,0,FALSE,5.1675,0,1,FALSE,8.5631,0,FALSE,0,0,3,2022
337_20,AX,67.9,high,563788,AK,274,97,97_3,2020,s,one month,cannibal,0,34,t60,13.27,60.08,44.9,540,408.79,0.2,1,TRUE,1,1,TRUE,5.8125,0,1,FALSE,1.1888,0,FALSE,0,0,3,2022
339_18,AY,67.9,high,918482,AL,206,130,130,2018,s,initiation,success,1,0,t0,15.91,1.77,40.3,370,390.04,1.02,0,FALSE,1.0333,0,FALSE,0.8,1,0,TRUE,0.8,1,TRUE,0,0,1,2019
339_18,AY,67.9,high,918482,AL,206,232,232,2018,s,one month,success,1,25,t0,12.8,1.33,40.9,395,397.97,0.29,0,FALSE,1,1,TRUE,0.8,1,0,TRUE,0.8,1,TRUE,0,0,1,2019
339_18,AY,67.9,high,918482,AL,206,235,235,2018,s,initiation,success,1,0,t60,16.91,59.93,40.3,370,390.04,1.22,0,FALSE,1.8694,0,FALSE,7.2153,0,1,FALSE,1.8462,0,FALSE,0,0,1,2019
339_18,AY,67.9,high,918482,AL,206,280,280,2018,s,one month,success,1,25,t60,13.78,60.48,40.9,395,397.97,0.36,0,FALSE,1,1,TRUE,8.4175,0,1,FALSE,2.913,0,FALSE,0,0,1,2019
34_17,AZ,66.5,high,5E0C14,AM,189,112,112,2017,s,one month,cannibal,0,29,t0,14.3,2.48,46.6,680,459.38,0.28,0,FALSE,1,1,TRUE,2.4916,0,1,FALSE,0.8,1,TRUE,1,1,1,2019
34_17,AZ,66.5,high,5E0C14,AM,189,136,136,2017,s,one month,cannibal,0,29,t60,15.34,64.63,46.6,680,459.38,0.42,0,FALSE,1,1,TRUE,13.2233,0,1,FALSE,3.8018,0,FALSE,1,1,1,2019
34_17,AZ,66.5,high,5E0C14,AM,189,251,251,2017,s,initiation,cannibal,0,2,t0,12.49,10.42,46.2,600,416.18,31.19,0,FALSE,14.0251,0,FALSE,0.8,1,0,TRUE,0.8,1,TRUE,4,1,1,2019
34_17,AZ,66.5,high,5E0C14,AM,189,261,261,2017,s,initiation,cannibal,0,2,t60,13.59,65.52,46.2,600,416.18,35.64,0,FALSE,17.4153,0,FALSE,5.9233,0,1,FALSE,1.8523,0,FALSE,4,1,1,2019
348_17,BA,67.8,high,891002,AN,364,68,68,2017,s,one month,success,1,32,t0,14.77,1.5,47.4,580,371.92,0.28,0,FALSE,1,1,TRUE,0.8,1,0,TRUE,0.8,1,TRUE,0,0,1,2019
348_17,BA,67.8,high,891002,AN,364,184,184,2017,s,initiation,success,1,2,t60,13.43,52.02,46.7,560,375.84,16.88,0,FALSE,12.7775,0,FALSE,5.4446,0,1,FALSE,2.2104,0,FALSE,0,0,2,2019
348_17,BA,67.8,high,891002,AN,364,206,206,2017,s,one month,success,1,32,t60,15.73,59.08,47.4,580,371.92,0.39,0,FALSE,1,1,TRUE,7.6436,0,1,FALSE,3.1581,0,FALSE,0,0,1,2019
348_17,BA,67.8,high,891002,AN,364,224,224,2017,s,initiation,success,1,2,t0,12.57,2.2,46.7,560,375.84,19.49,0,FALSE,9.9505,0,FALSE,1.4774,0,1,FALSE,0.8,1,TRUE,0,0,1,2019
349_20,BB,55.2,low,75421,AO,350,108,108_3,2020,m,initiation,cannibal,0,5,t0,13.71,2.85,50.7,810,422.63,25.4281,0,FALSE,11.1795,0,FALSE,0.9908,0,1,FALSE,0.8,1,TRUE,0,0,3,2022
349_20,BB,55.2,low,75421,AO,350,223,223_3,2020,m,initiation,cannibal,0,5,t60,14.72,63.18,50.7,810,422.63,29.9517,0,FALSE,11.3339,0,FALSE,14.7035,0,1,FALSE,1.5772,0,FALSE,0,0,3,2022
359_21,BC,66.5,high,980243,M,358,8,8_3,2021,s,one month,success,1,33,t60,14.15,63.07,46.1,620,432.92,0.2,1,TRUE,1,1,TRUE,4.7856,0,1,FALSE,1.151,0,FALSE,0,0,3,2022
359_21,BC,66.5,high,980243,M,358,93,93_3,2021,s,one month,success,1,33,t0,NA,NA,46.1,620,432.92,0.2,1,TRUE,1,1,TRUE,0.8,1,0,TRUE,0.8,1,TRUE,0,0,3,2022
359_21,BC,66.5,high,980243,M,358,94,94_3,2021,s,initiation,success,1,1,t60,13.95,61.23,45.9,600,424.57,58.22,0,FALSE,19.9696,0,FALSE,3.2889,0,1,FALSE,0.8,1,TRUE,3,1,3,2022
359_21,BC,66.5,high,980243,M,358,96,96_3,2021,s,initiation,success,1,1,t0,12.98,2.57,45.9,600,424.57,50.2,0,FALSE,13.6453,0,FALSE,0.8,1,0,TRUE,0.8,1,TRUE,3,1,3,2022
363_21,BD,61.9,low,564982,AP,359,207,207_3,2021,s,one month,cannibal,0,30,t60,12.59,61.73,51.5,965,479.92,0.2,1,TRUE,1,1,TRUE,10.9657,0,1,FALSE,3.1734,0,FALSE,0,0,3,2022
363_21,BD,61.9,low,564982,AP,359,221,221_3,2021,s,one month,cannibal,0,30,t0,11.6,2.7,51.5,965,479.92,0.2,1,TRUE,1,1,TRUE,0.8,1,0,TRUE,0.8,1,TRUE,0,0,3,2022
363_21,BD,61.9,low,564982,AP,359,58,58_3,2021,s,initiation,cannibal,0,1,t0,11.08,1.4,51.5,910,452.57,14.4505,0,FALSE,4.4759,0,FALSE,0.8,1,0,TRUE,0.8,1,TRUE,0,0,3,2022
363_21,BD,61.9,low,564982,AP,359,76,76_3,2021,s,initiation,cannibal,0,1,t60,12.06,60.13,51.5,910,452.57,17.2745,0,FALSE,4.9262,0,FALSE,1.8593,0,1,FALSE,0.8241,0,FALSE,0,0,3,2022
402_18,BE,64.3,high,16829,AQ,NA,3,3,2018,s,one month,success,1,NA,t60,16.8,60.93,43.1,495,424.76,0.2,1,TRUE,1,1,TRUE,5.2561,0,1,FALSE,1.0655,0,FALSE,2,1,1,2019
402_18,BE,64.3,high,16829,AQ,NA,241,241,2018,s,one month,success,1,NA,t0,15.8,1.1,43.1,495,424.76,0.2,1,TRUE,1,1,TRUE,0.8,1,0,TRUE,0.8,1,TRUE,2,1,2,2019
404_17,BF,64.3,high,788628,B,265,43,43,2017,s,one month,success,1,33,t0,14.3,3,43.7,600,493.51,0.2,1,TRUE,1,1,TRUE,0.8,1,0,TRUE,0.8,1,TRUE,1,1,1,2019
404_17,BF,64.3,high,788628,B,265,182,182,2017,s,one month,success,1,33,t60,15.35,65.98,43.7,600,493.51,0.2,1,TRUE,1,1,TRUE,9.5067,0,1,FALSE,0.8,1,TRUE,1,1,2,2019
404_17,BF,64.3,high,788628,B,265,245,245,2017,s,initiation,success,1,3,t60,12.62,59.77,42.5,570,510.59,28.95,0,FALSE,11.3498,0,FALSE,4.0863,0,1,FALSE,1.6872,0,FALSE,0,0,1,2019
404_17,BF,64.3,high,788628,B,265,264,264,2017,s,initiation,success,1,3,t0,11.62,0.8,42.5,570,510.59,22.01,0,FALSE,6.9392,0,FALSE,1.0573,0,1,FALSE,0.8,1,TRUE,0,0,1,2019
413_17,BG,61.9,low,781993,AR,847,100,100_3,2017,s,one month,cannibal,0,28,t0,12.72,2.18,46.6,745,503.29,0.2,1,TRUE,1,1,TRUE,2.3131,0,1,FALSE,0.8,1,TRUE,0,0,3,2022
413_17,BG,61.9,low,781993,AR,847,141,141_3,2017,s,initiation,cannibal,0,1,t60,16.64,60.25,46.7,600,402.68,2.2069,0,FALSE,1,1,TRUE,3.7595,0,1,FALSE,0.8,1,TRUE,0,0,3,2022
413_17,BG,61.9,low,781993,AR,847,6,6_3,2017,s,initiation,cannibal,0,1,t0,15.66,1.22,46.7,600,402.68,1.586,0,FALSE,1,1,TRUE,0.8,1,0,TRUE,0.8,1,TRUE,0,0,3,2022
413_17,BG,61.9,low,781993,AR,847,88,88_3,2017,s,one month,cannibal,0,28,t60,13.66,58.33,46.6,745,503.29,0.2,1,TRUE,1,1,TRUE,10.9317,0,1,FALSE,4.3622,0,FALSE,0,0,3,2022
413_19,BH,61.9,low,781993,AR,303,125,125_3,2019,s,one month,cannibal,0,32,t0,10.49,1.28,49,690,399.67,0.2,1,TRUE,1,1,TRUE,0.8,1,0,TRUE,0.8,1,TRUE,0,0,3,2022
413_19,BH,61.9,low,781993,AR,303,14,14_3,2019,s,initiation,cannibal,0,1,t60,14.24,64.52,48.5,640,382.54,20.0566,0,FALSE,13.3131,0,FALSE,9.9982,0,1,FALSE,1.4019,0,FALSE,0,0,3,2022
413_19,BH,61.9,low,781993,AR,303,53,53_3,2019,s,initiation,cannibal,0,1,t0,13.2,1.58,48.5,640,382.54,18.8534,0,FALSE,8.9095,0,FALSE,0.8,1,0,TRUE,0.8,1,TRUE,0,0,3,2022
413_19,BH,61.9,low,781993,AR,303,78,78_3,2019,s,one month,cannibal,0,32,t60,11.5,61.83,49,690,399.67,0.2,1,TRUE,1,1,TRUE,7.4567,0,1,FALSE,0.8,1,TRUE,0,0,3,2022
416_20,BI,61.9,low,781993,AR,510,102,102_3,2020,s,initiation,cannibal,0,1,t0,10.54,2.12,49,650,376.5,2.8845,0,FALSE,1,1,TRUE,0.8,1,0,TRUE,0.8,1,TRUE,0,0,3,2022
416_20,BI,61.9,low,781993,AR,510,132,132_3,2020,s,initiation,cannibal,0,1,t60,11.52,61.27,49,650,376.5,2.9547,0,FALSE,1,1,TRUE,5.973,0,1,FALSE,0.8,1,TRUE,0,0,3,2022
423_20,BJ,55.2,low,75617,AS,284,234,234_3,2020,m,initiation,cannibal,0,1,t60,11.13,66.05,44,640,515.5,4.8336,0,FALSE,1,1,TRUE,6.9684,0,1,FALSE,0.8,1,TRUE,0,0,3,2022
423_20,BJ,55.2,low,75617,AS,284,5,5_3,2020,m,one month,cannibal,0,28,t60,16.24,61.33,44.8,750,571.66,0.2,1,TRUE,1,1,TRUE,24.0877,0,1,FALSE,5.6388,0,FALSE,0,0,3,2022
423_20,BJ,55.2,low,75617,AS,284,51,51_3,2020,m,initiation,cannibal,0,1,t0,10.06,2,44,640,515.5,5.155,0,FALSE,3.0384,0,FALSE,0.8,1,0,TRUE,1.4269,0,FALSE,0,0,3,2022
423_20,BJ,55.2,low,75617,AS,284,77,77_3,2020,m,one month,cannibal,0,28,t0,15.25,2.15,44.8,750,571.66,0.2,1,TRUE,1,1,TRUE,0.8,1,0,TRUE,0.8,1,TRUE,0,0,3,2022
426_20,BK,55.2,low,567277,AT,259,143,143_3,2020,m,one month,cannibal,0,28,t60,13.32,62.38,49,760,440.21,0.2,1,TRUE,1,1,TRUE,4.6911,0,1,FALSE,0.8,1,TRUE,0,0,3,2022
426_20,BK,55.2,low,567277,AT,259,206,206_3,2020,m,one month,cannibal,0,28,t0,12.33,3.03,49,760,440.21,0.2,1,TRUE,1,1,TRUE,0.8,1,0,TRUE,0.8,1,TRUE,0,0,3,2022
426_20,BK,55.2,low,567277,AT,259,80,80_3,2020,m,initiation,cannibal,0,2,t60,13.91,61.93,48.3,750,454,6.0552,0,FALSE,7.2781,0,FALSE,2.8782,0,1,FALSE,0.8,1,TRUE,0,0,3,2022
430_19,BL,67.9,high,566333,AU,145,127,127_3,2019,s,initiation,success,1,2,t60,11.93,61.08,40.1,415,444.2,26.03,0,FALSE,14.8853,0,FALSE,2.2644,0,1,FALSE,0.8,1,TRUE,0,0,3,2022
430_19,BL,67.9,high,566333,AU,145,171,171_3,2019,s,one month,success,1,33,t60,12.25,61.68,40.2,365,387.71,0.2,1,TRUE,1,1,TRUE,6.2804,0,1,FALSE,0.8,1,TRUE,0,0,3,2022
430_19,BL,67.9,high,566333,AU,145,218,218_3,2019,s,initiation,success,1,2,t0,10.93,1.52,40.1,415,444.2,27.57,0,FALSE,7.3533,0,FALSE,0.8,1,0,TRUE,0.8,1,TRUE,0,0,3,2022
430_19,BL,67.9,high,566333,AU,145,227,227_3,2019,s,one month,success,1,33,t0,11.29,3.92,40.2,365,387.71,0.2,1,TRUE,1,1,TRUE,0.8,1,0,TRUE,0.8,1,TRUE,0,0,3,2022
432_18,BM,55.2,low,886164,AV,321,11,11_3,2018,m,one month,cannibal,0,32,t60,15.17,62.7,52.1,925,443.99,0.2,1,TRUE,1,1,TRUE,12.6949,0,1,FALSE,2.1429,0,FALSE,0,0,3,2022
432_18,BM,55.2,low,886164,AV,321,113,113_3,2018,m,initiation,cannibal,0,1,t60,15.27,61.67,51.3,865,435.35,6.9351,0,FALSE,1,1,TRUE,7.4728,0,1,FALSE,1.8402,0,FALSE,0,0,3,2022
432_18,BM,55.2,low,886164,AV,321,150,150_3,2018,m,initiation,cannibal,0,1,t0,14.25,0.75,51.3,865,435.35,6.5554,0,FALSE,1,1,TRUE,0.8,1,0,TRUE,0.8,1,TRUE,0,0,3,2022
432_18,BM,55.2,low,886164,AV,321,214,214_3,2018,m,one month,cannibal,0,32,t0,14.15,1.73,52.1,925,443.99,0.3082,0,FALSE,1,1,TRUE,1.4127,0,1,FALSE,0.8,1,TRUE,0,0,3,2022
433_20,BN,64.3,high,563915,AW,174,163,163_3,2020,s,one month,cannibal,0,31,t0,13.82,1.63,42.7,510,450.32,0.2,1,TRUE,1,1,TRUE,0.8,1,0,TRUE,0.8,1,TRUE,0,0,3,2022
433_20,BN,64.3,high,563915,AW,174,195,195_3,2020,s,initiation,cannibal,0,1,t60,13.4,60.2,42.4,440,396.99,76.37,0,FALSE,30.5874,0,FALSE,2.4712,0,1,FALSE,0.8,1,TRUE,0,0,3,2022
433_20,BN,64.3,high,563915,AW,174,233,233_3,2020,s,one month,cannibal,0,31,t60,14.83,62.22,42.7,510,450.32,0.2,1,TRUE,1,1,TRUE,4.9848,0,1,FALSE,0.8,1,TRUE,0,0,3,2022
433_20,BN,64.3,high,563915,AW,174,235,235_3,2020,s,initiation,cannibal,0,1,t0,12.44,2.8,42.4,440,396.99,79.31,0,FALSE,19.4434,0,FALSE,0.8,1,0,TRUE,0.8,1,TRUE,0,0,3,2022
440_19,BO,55.4,low,566194,AX,269,117,117_3,2019,m,one month,success,1,31,t60,11.18,61.38,47.7,590,371.09,0.2,1,TRUE,1,1,TRUE,9.3731,0,1,FALSE,1.6883,0,FALSE,0,0,3,2022
440_19,BO,55.4,low,566194,AX,269,3,3_3,2019,m,one month,success,1,31,t0,10.19,2.15,47.7,590,371.09,0.2,1,TRUE,1,1,TRUE,0.8,1,0,TRUE,0.8,1,TRUE,0,0,3,2022
440_19,BO,55.4,low,566194,AX,269,4,4_3,2019,m,initiation,success,1,2,t0,14.63,0.95,47,610,401.44,89.5467,0,FALSE,22.5104,0,FALSE,0.8,1,0,TRUE,0.8,1,TRUE,0,0,3,2022
440_19,BO,55.4,low,566194,AX,269,95,95_3,2019,m,initiation,success,1,2,t60,15.61,60,47,610,401.44,76.859,0,FALSE,39.7195,0,FALSE,4.9625,0,1,FALSE,4.507,0,FALSE,0,0,3,2022
440_20,BP,55.4,low,566194,AX,347,15,15_3,2020,m,initiation,success,1,0,t60,16.21,60.5,47.7,570,358.51,17.9054,0,FALSE,12.1751,0,FALSE,8.4941,0,1,FALSE,1.7301,0,FALSE,0,0,3,2022
440_20,BP,55.4,low,566194,AX,347,85,85_3,2020,m,initiation,success,1,0,t0,15.24,2.05,47.7,570,358.51,16.5817,0,FALSE,8.339,0,FALSE,0.9565,0,1,FALSE,0.8,1,TRUE,0,0,3,2022
464_21,BQ,55.4,low,567444,AY,261,187,187_3,2021,m,initiation,success,1,1,t60,13.07,59.8,47.4,635,407.18,7.1674,0,FALSE,4.8724,0,FALSE,2.0462,0,1,FALSE,0.8,1,TRUE,0,0,3,2022
464_21,BQ,55.4,low,567444,AY,261,74,74_3,2021,m,initiation,success,1,1,t0,12.11,2.15,47.4,635,407.18,6.1609,0,FALSE,5.1848,0,FALSE,0.8,1,0,TRUE,0.8,1,TRUE,0,0,3,2022
464_21,BQ,55.4,low,567444,AY,261,79,79_3,2021,m,one month,success,1,27,t60,10.81,59.87,47.6,695,439.95,0.2,1,TRUE,1,1,TRUE,3.6726,0,1,FALSE,0.8,1,TRUE,0,0,3,2022
464_21,BQ,55.4,low,567444,AY,261,91,91_3,2021,m,one month,success,1,27,t0,9.85,2.43,47.6,695,439.95,0.2,1,TRUE,1,1,TRUE,0.8,1,0,TRUE,0.8,1,TRUE,0,0,3,2022
488_18,BR,54.1,low,965528,AZ,188,151,151_3,2018,m,initiation,cannibal,0,4,t60,13.54,62.1,41.1,390,387.1,1.2612,0,FALSE,1,1,TRUE,8.0691,0,1,FALSE,0.8,1,TRUE,0,0,3,2022
488_18,BR,54.1,low,965528,AZ,188,156,156_3,2018,m,one month,cannibal,0,40,t0,16.24,1.13,41.5,405,390.24,0.2,1,TRUE,1,1,TRUE,0.8,1,0,TRUE,0.8,1,TRUE,0,0,3,2022
488_18,BR,54.1,low,965528,AZ,188,219,219_3,2018,m,initiation,cannibal,0,4,t0,12.54,1.95,41.1,390,387.1,1.2368,0,FALSE,1,1,TRUE,0.8,1,0,TRUE,0.8,1,TRUE,0,0,3,2022
488_18,BR,54.1,low,965528,AZ,188,7,7_3,2018,m,one month,cannibal,0,40,t60,17.37,68.95,41.5,405,390.24,0.2,1,TRUE,1,1,TRUE,15.4933,0,1,FALSE,0.8,1,TRUE,0,0,3,2022
493_21,BS,60,low,563069,BA,159,147,147_3,2021,n,initiation,success,1,3,t0,9.82,3,39.7,400,441.5,18.4896,0,FALSE,12.3769,0,FALSE,0.8,1,0,TRUE,0.8,1,TRUE,0,0,3,2022
493_21,BS,60,low,563069,BA,159,158,158_3,2021,n,one month,success,1,32,t0,14.31,2.57,40.8,395,400.96,0.2,1,TRUE,1,1,TRUE,0.8,1,0,TRUE,0.8,1,TRUE,0,0,3,2022
493_21,BS,60,low,563069,BA,159,166,166_3,2021,n,one month,success,1,32,t60,15.28,60.9,40.8,395,400.96,0.2,1,TRUE,1,1,TRUE,5.8044,0,1,FALSE,0.8,1,TRUE,0,0,3,2022
5_13,BT,64.3,high,981416,BB,336,88,88,2013,s,one month,success,1,23,t0,12.95,1.57,49.9,890,487.55,0.24,0,FALSE,1,1,TRUE,1.1421,0,1,FALSE,0.8,1,TRUE,6,1,1,2019
5_13,BT,64.3,high,981416,BB,336,193,193,2013,s,initiation,success,1,0,t0,16.03,2.37,50.5,960,506.99,15.25,0,FALSE,11.5872,0,FALSE,0.8,1,0,TRUE,0.8,1,TRUE,5,1,1,2019
5_16,BU,64.3,high,661371,BC,152,13,13,2016,s,one month,cannibal,0,40,t60,12.24,60.47,43.5,480,400.4,0.29,0,FALSE,1,1,TRUE,4.9917,0,1,FALSE,0.8,1,TRUE,5,1,1,2019
5_16,BU,64.3,high,661371,BC,152,254,254,2016,s,one month,cannibal,0,40,t0,11.26,1.57,43.5,480,400.4,0.2,0,FALSE,1,1,TRUE,0.8,1,0,TRUE,0.8,1,TRUE,5,1,1,2019
503_20,BV,60,low,563213,BD,341,124,124_3,2020,n,initiation,success,1,3,t0,10.71,3.17,45.2,650,482.13,0.8181,0,FALSE,5.7888,0,FALSE,0.8,1,0,TRUE,0.8,1,TRUE,0,0,3,2022
503_20,BV,60,low,563213,BD,341,190,190_3,2020,n,initiation,success,1,3,t60,11.68,61.58,45.2,650,482.13,1.1358,0,FALSE,1,1,TRUE,0.8,1,0,TRUE,0.8,1,TRUE,0,0,3,2022
503_20,BV,60,low,563213,BD,341,67,67_3,2020,n,one month,success,1,31,t0,10.18,2.67,44.8,590,449.7,0.2,1,TRUE,1,1,TRUE,2.0389,0,1,FALSE,0.8,1,TRUE,0,0,3,2022
503_20,BV,60,low,563213,BD,341,82,82_3,2020,n,one month,success,1,31,t60,11.16,61.35,44.8,590,449.7,0.2,1,TRUE,1,1,TRUE,4.7648,0,1,FALSE,0.8,1,TRUE,0,0,3,2022
503_21,BW,60,low,563213,BD,237,140,140_3,2021,n,one month,success,1,30,t0,13.09,3.13,45.7,600,430.29,0.2,1,TRUE,1,1,TRUE,0.8,1,0,TRUE,0.8,1,TRUE,0,0,3,2022
503_21,BW,60,low,563213,BD,237,226,226_3,2021,n,initiation,success,1,1,t60,11.2,60.25,45.9,640,452.88,54.1834,0,FALSE,18.2852,0,FALSE,5.143,0,1,FALSE,0.8,1,TRUE,0,0,3,2022
503_21,BW,60,low,563213,BD,237,30,30_3,2021,n,one month,success,1,30,t60,14.07,62.1,45.7,600,430.29,0.2,1,TRUE,1,1,TRUE,11.5714,0,1,FALSE,2.069,0,FALSE,0,0,3,2022
503_21,BW,60,low,563213,BD,237,40,40_3,2021,n,initiation,success,1,1,t0,10.25,3.25,45.9,640,452.88,45.083,0,FALSE,19.7801,0,FALSE,0.8,1,0,TRUE,0.8,1,TRUE,0,0,3,2022
53_15,BX,61.9,low,781993,AR,579,188,188_3,2015,s,initiation,cannibal,0,0,t0,10.7,1.45,42,440,408.69,2.293,0,FALSE,1,1,TRUE,0.8,1,0,TRUE,0.8,1,TRUE,0,0,3,2022
53_15,BX,61.9,low,781993,AR,579,211,211_3,2015,s,initiation,cannibal,0,0,t60,11.67,59.3,42,440,408.69,2.5317,0,FALSE,3.3106,0,FALSE,2.3577,0,1,FALSE,0.8,1,TRUE,0,0,3,2022
53_15,BX,61.9,low,781993,AR,579,42,42_3,2015,s,one month,cannibal,0,43,t0,10.8,1.9,43.6,560,463.86,0.2,1,TRUE,1,1,TRUE,0.8,1,0,TRUE,0.8,1,TRUE,0,0,3,2022
53_15,BX,61.9,low,781993,AR,579,46,46_3,2015,s,one month,cannibal,0,43,t60,11.77,60.33,43.6,560,463.86,0.2,1,TRUE,1,1,TRUE,4.8064,0,1,FALSE,0.8,1,TRUE,0,0,3,2022
538_19,BY,59.5,low,563639,BE,580,139,139_3,2019,n,one month,cannibal,0,29,t60,13.79,59.47,44.3,555,437.82,0.2,1,TRUE,1,1,TRUE,11.1424,0,1,FALSE,4.3594,0,FALSE,0,0,3,2022
538_19,BY,59.5,low,563639,BE,580,169,169_3,2019,n,initiation,cannibal,0,1,t60,11.26,59.97,44.2,440,349.51,6.9832,0,FALSE,7.906,0,FALSE,5.8492,0,1,FALSE,1.6596,0,FALSE,0,0,3,2022
538_19,BY,59.5,low,563639,BE,580,186,186_3,2019,n,one month,cannibal,0,29,t0,12.82,1.67,44.3,555,437.82,21.2457,0,FALSE,1,1,TRUE,0.8,1,0,TRUE,0.8,1,TRUE,0,0,3,2022
538_19,BY,59.5,low,563639,BE,580,73,73_3,2019,n,initiation,cannibal,0,1,t0,10.28,1.33,44.2,440,349.51,7.3506,0,FALSE,6.4366,0,FALSE,0.8,1,0,TRUE,0.8,1,TRUE,0,0,3,2022
543_19,BZ,59.5,low,567154,BF,223,136,136_3,2019,n,one month,success,1,30,t60,14.28,61.73,48.1,590,361.71,0.2,1,TRUE,1,1,TRUE,9.835,0,1,FALSE,2.4077,0,FALSE,0,0,3,2022
543_19,BZ,59.5,low,567154,BF,223,173,173_3,2019,n,one month,success,1,30,t0,13.28,1.43,48.1,590,361.71,0.2,1,TRUE,1,1,TRUE,1.8468,0,1,FALSE,0.8,1,TRUE,0,0,3,2022
543_19,BZ,59.5,low,567154,BF,223,216,216_3,2019,n,initiation,success,1,1,t0,14.78,2.55,37.1,315,427.86,18.3785,0,FALSE,8.7949,0,FALSE,0.8,1,0,TRUE,0.8,1,TRUE,0,0,3,2022
543_19,BZ,59.5,low,567154,BF,223,71,71_3,2019,n,initiation,success,1,1,t60,15.76,61.32,37.1,315,427.86,14.1334,0,FALSE,10.3008,0,FALSE,3.1246,0,1,FALSE,0.8,1,TRUE,0,0,3,2022
543_20,CA,59.5,low,567154,BF,319,204,204_3,2020,n,one month,success,1,29,t60,13.11,60.2,47.4,610,391.15,0.2,1,TRUE,1,1,TRUE,4.2304,0,1,FALSE,0.8,1,TRUE,0,0,3,2022
543_21,CB,59.5,low,567154,BF,620,103,103_3,2021,n,initiation,success,1,1,t0,12.34,1.23,47.7,640,402.53,20.4172,0,FALSE,9.1487,0,FALSE,0.8,1,0,TRUE,0.8,1,TRUE,0,0,3,2022
543_21,CB,59.5,low,567154,BF,620,160,160_3,2021,n,initiation,success,1,1,t60,13.34,61.03,47.7,640,402.53,19.5433,0,FALSE,10.3322,0,FALSE,2.8538,0,1,FALSE,0.8,1,TRUE,0,0,3,2022
543_21,CB,59.5,low,567154,BF,620,29,29_3,2021,n,one month,success,1,29,t0,12.79,2.93,48,635,391.79,0.2,1,TRUE,1,1,TRUE,1.3025,0,1,FALSE,0.8,1,TRUE,0,0,3,2022
543_21,CB,59.5,low,567154,BF,620,44,44_3,2021,n,one month,success,1,29,t60,13.81,64.57,48,635,391.79,0.2,1,TRUE,1,1,TRUE,9.3294,0,1,FALSE,3.3541,0,FALSE,0,0,3,2022
547_21,CC,59.5,low,565655,BG,169,111,111_3,2021,n,one month,cannibal,0,27,t0,11.01,3.03,55.3,1040,415.87,0.2,1,TRUE,1,1,TRUE,2.1748,0,1,FALSE,0.8,1,TRUE,0,0,3,2022
547_21,CC,59.5,low,565655,BG,169,137,137_3,2021,n,initiation,cannibal,0,1,t60,10.59,60.62,55.8,920,357.88,16.9318,0,FALSE,11.2288,0,FALSE,1.9726,0,1,FALSE,0.8,1,TRUE,0,0,3,2022
547_21,CC,59.5,low,565655,BG,169,222,222_3,2021,n,initiation,cannibal,0,1,t0,9.62,2.58,55.8,920,357.88,19.9039,0,FALSE,8.821,0,FALSE,0.8,1,0,TRUE,0.8,1,TRUE,0,0,3,2022
558_20,CD,59.5,low,557588,BH,521,2,2_3,2020,n,initiation,success,1,3,t0,13.74,3,42.9,480,417.8,5.2091,0,FALSE,4.3529,0,FALSE,0.8,1,0,TRUE,0.8,1,TRUE,0,0,3,2022
558_20,CD,59.5,low,557588,BH,521,213,213_3,2020,n,one month,success,1,31,t0,12.56,2.07,42.5,460,412.05,0.5552,0,FALSE,1,1,TRUE,1.6661,0,1,FALSE,0.8,1,TRUE,0,0,3,2022
558_20,CD,59.5,low,557588,BH,521,24,24_3,2020,n,initiation,success,1,3,t60,14.71,61.3,42.9,480,417.8,8.6087,0,FALSE,5.4646,0,FALSE,3.7311,0,1,FALSE,4.0058,0,FALSE,0,0,3,2022
558_20,CD,59.5,low,557588,BH,521,41,41_3,2020,n,one month,success,1,31,t60,13.55,61.3,42.5,460,412.05,0.4397,0,FALSE,1,1,TRUE,7.1296,0,1,FALSE,3.8572,0,FALSE,0,0,3,2022
558_21,CE,59.5,low,567171,BI,307,109,109_3,2021,n,one month,success,1,27,t60,11.58,61.68,47.8,700,437.46,0.2,1,TRUE,1,1,TRUE,9.736,0,1,FALSE,4.5236,0,FALSE,0,0,3,2022
558_21,CE,59.5,low,567171,BI,307,116,116_3,2021,n,initiation,success,1,1,t0,9.94,2.22,47.2,720,467.71,5.9869,0,FALSE,3.2124,0,FALSE,0.8,1,0,TRUE,0.8,1,TRUE,0,0,3,2022
558_21,CE,59.5,low,567171,BI,307,167,167_3,2021,n,one month,success,1,27,t0,10.58,1.73,47.8,700,437.46,0.2,1,TRUE,1,1,TRUE,0.8,1,0,TRUE,0.8,1,TRUE,0,0,3,2022
558_21,CE,59.5,low,567171,BI,307,23,23_3,2021,n,initiation,success,1,1,t60,10.92,60.93,47.2,720,467.71,5.3726,0,FALSE,4.4909,0,FALSE,8.484,0,1,FALSE,1.8257,0,FALSE,0,0,3,2022
602_20,CF,55.2,low,563309,BJ,612,138,138_3,2020,m,one month,cannibal,0,28,t0,10.95,1.3,51.1,750,382.01,0.2,1,TRUE,1,1,TRUE,0.8,1,0,TRUE,0.8,1,TRUE,0,0,3,2022
602_20,CF,55.2,low,563309,BJ,612,225,225_3,2020,m,one month,cannibal,0,28,t60,11.98,63.38,51.1,750,382.01,0.2497,0,FALSE,1,1,TRUE,4.8666,0,1,FALSE,1.4518,0,FALSE,0,0,3,2022
602_20,CF,55.2,low,563309,BJ,612,57,57_3,2020,m,initiation,cannibal,0,2,t0,11.04,1.75,50.5,700,369.68,32.7655,0,FALSE,13.7484,0,FALSE,0.8,1,0,TRUE,0.8,1,TRUE,0,0,3,2022
71_17,CG,67.9,high,855750,BK,257,8,8,2017,s,one month,success,1,31,t60,12.25,57.7,47.8,610,381.21,0.51,0,FALSE,1,1,TRUE,9.1659,0,1,FALSE,1.8445,0,FALSE,0,0,1,2019
71_17,CG,67.9,high,855750,BK,257,48,48,2017,s,initiation,success,1,2,t60,12.16,61.33,48.7,650,383.65,6.31,0,FALSE,7.2578,0,FALSE,4.6598,0,1,FALSE,0.8,1,TRUE,0,0,1,2019
71_17,CG,67.9,high,855750,BK,257,73,73,2017,s,initiation,success,1,2,t0,11.14,2.67,48.7,650,383.65,5.74,0,FALSE,7.1755,0,FALSE,0.8,1,0,TRUE,0.8,1,TRUE,0,0,1,2019
71_17,CG,67.9,high,855750,BK,257,371,371,2017,s,one month,success,1,31,t0,11.33,2.28,47.8,610,381.21,0.33,0,FALSE,1,1,TRUE,0.8,1,0,TRUE,0.8,1,TRUE,0,0,2,2019
71_18,CH,67.9,high,855750,BK,269,28,28,2018,s,initiation,success,1,1,t0,11.89,1.8,47.3,605,390.46,32.76,0,FALSE,13.6723,0,FALSE,0.8,1,0,TRUE,0.8,1,TRUE,3,1,1,2019
71_18,CH,67.9,high,855750,BK,269,41,41,2018,s,one month,success,1,29,t0,14.25,1.38,47.5,645,410.93,0.21,0,FALSE,1,1,TRUE,1.067,0,1,FALSE,0.8,1,TRUE,1,1,1,2019
71_18,CH,67.9,high,855750,BK,269,364,364,2018,s,initiation,success,1,1,t60,12.97,64.87,47.3,605,390.46,31.21,0,FALSE,21.7876,0,FALSE,9.7224,0,1,FALSE,0.8,1,TRUE,3,1,2,2019
71_18,CH,67.9,high,855750,BK,269,393,393,2018,s,one month,success,1,29,t60,15.25,61.23,47.5,645,410.93,0.26,0,FALSE,1,1,TRUE,13.4208,0,1,FALSE,5.3266,0,FALSE,1,1,2,2019
74_21,CI,67.9,high,557546,BL,291,10,10_3,2021,s,initiation,cannibal,0,1,t0,12.99,0.75,49.5,710,398.66,32.01,0,FALSE,17.6128,0,FALSE,0.8,1,0,TRUE,1.3199,0,FALSE,3,1,3,2022
74_21,CI,67.9,high,557546,BL,291,192,192_3,2021,s,one month,cannibal,0,33,t0,13.1,1.47,50.5,905,477.95,0.32,0,FALSE,1,1,TRUE,0.8,1,0,TRUE,0.8,1,TRUE,0,0,3,2022
74_21,CI,67.9,high,557546,BL,291,210,210_3,2021,s,one month,cannibal,0,33,t60,14.09,60.37,50.5,905,477.95,0.2,1,TRUE,1,1,TRUE,5.7242,0,1,FALSE,0.9673,0,FALSE,0,0,3,2022
74_21,CI,67.9,high,557546,BL,291,28,28_3,2021,s,initiation,cannibal,0,1,t60,13.99,60.57,49.5,710,398.66,32,0,FALSE,22.6108,0,FALSE,1.6541,0,1,FALSE,1.9966,0,FALSE,3,1,3,2022
8_13,CJ,64.3,high,974423,BM,325,153,153,2013,s,initiation,success,1,0,t0,12.08,2.5,38,345,435.43,28.83,0,FALSE,26.4003,0,FALSE,0.8,1,0,TRUE,0.8,1,TRUE,3,1,2,2019
8_13,CJ,64.3,high,974423,BM,325,236,236,2013,s,one month,success,1,26,t0,14.06,2.1,37.9,325,413.51,0.27,0,FALSE,1,1,TRUE,1.3673,0,1,FALSE,0.8,1,TRUE,1,1,1,2019
96_15,CK,67.9,high,985984,BN,195,215,215,2015,s,initiation,success,1,0,t60,17.79,63.53,44.9,440,333.09,38.57,0,FALSE,18.4507,0,FALSE,5.0605,0,1,FALSE,2.0479,0,FALSE,0,0,1,2019
96_15,CK,67.9,high,985984,BN,195,257,257,2015,s,initiation,success,1,0,t0,16.73,2.62,44.9,440,333.09,38.61,0,FALSE,17.4814,0,FALSE,1.4557,0,1,FALSE,0.8,1,TRUE,0,0,1,2019
96_18,CL,67.9,high,967858,BO,234,30,30,2018,s,one month,success,1,29,t60,13.05,61,34,240,425.88,0.38,0,FALSE,1,1,TRUE,8.2947,0,1,FALSE,1.8998,0,FALSE,0,0,1,2019
96_18,CL,67.9,high,967858,BO,234,128,128,2018,s,initiation,success,1,1,t0,10.35,2.82,34.8,220,363.54,30.11,0,FALSE,10.8147,0,FALSE,0.8,1,0,TRUE,0.8,1,TRUE,0,0,1,2019
96_18,CL,67.9,high,967858,BO,234,231,231,2018,s,initiation,success,1,1,t60,11.39,62.23,34.8,220,363.54,32.71,0,FALSE,18.3154,0,FALSE,4.2221,0,1,FALSE,0.8,1,TRUE,0,0,1,2019
96_18,CL,67.9,high,967858,BO,234,328,328,2018,s,one month,success,1,29,t0,12.07,1.77,34,240,425.88,0.2,1,TRUE,1,1,TRUE,0.8,1,0,TRUE,0.8,1,TRUE,0,0,2,2019
CB1_21,CM,64.3,high,51099,BP,168,104,104_3,2021,s,one month,cannibal,0,35,t0,13.65,1.35,49.7,960,532.41,0.2,1,TRUE,1,1,TRUE,0.8,1,0,TRUE,0.8,1,TRUE,2,1,3,2022
CB1_21,CM,64.3,high,51099,BP,168,232,232_3,2021,s,one month,cannibal,0,35,t60,14.65,61.37,49.7,960,532.41,0.2,1,TRUE,1,1,TRUE,2.8383,0,1,FALSE,0.8,1,TRUE,2,1,3,2022
CB1_21,CM,64.3,high,51099,BP,168,49,49_3,2021,s,initiation,cannibal,0,1,t0,11.27,2.82,49.8,850,468.51,18.28,0,FALSE,4.2147,0,FALSE,0.8,1,0,TRUE,0.8,1,TRUE,20,1,3,2022
CB1_21,CM,64.3,high,51099,BP,168,66,66_3,2021,s,initiation,cannibal,0,1,t60,12.25,62.03,49.8,850,468.51,15.43,0,FALSE,5.0475,0,FALSE,4.4676,0,1,FALSE,1.3331,0,FALSE,20,1,3,2022
CB341_21,CN,67.8,high,914031,BQ,634,161,161_3,2021,s,one month,cannibal,0,32,t60,14.64,60.98,47.6,795,503.25,0.2,1,TRUE,1,1,TRUE,11.9539,0,1,FALSE,2.0896,0,FALSE,0,0,3,2022
CB341_21,CN,67.8,high,914031,BQ,634,55,55_3,2021,s,initiation,cannibal,0,3,t60,11.69,61.4,47.4,590,378.33,19.99,0,FALSE,10.0599,0,FALSE,6.6349,0,1,FALSE,0.8,1,TRUE,0,0,3,2022
CB341_21,CN,67.8,high,914031,BQ,634,83,83_3,2021,s,initiation,cannibal,0,3,t0,10.72,3.25,47.4,590,378.33,18.67,0,FALSE,6.4867,0,FALSE,0.8,1,0,TRUE,0.8,1,TRUE,0,0,3,2022
CB433_21,CO,64.3,high,563915,AW,253,114,114_3,2021,s,one month,cannibal,0,34,t0,10.74,1.55,42.7,510,450.32,0.2,1,TRUE,1,1,TRUE,1.4721,0,1,FALSE,0.8,1,TRUE,7,1,3,2022
CB433_21,CO,64.3,high,563915,AW,253,153,153_3,2021,s,initiation,cannibal,0,1,t0,10.15,1.88,42.5,420,376.22,4.78,0,FALSE,3.2953,0,FALSE,0.8,1,0,TRUE,0.8,1,TRUE,15,1,3,2022
CB433_21,CO,64.3,high,563915,AW,253,21,21_3,2021,s,initiation,cannibal,0,1,t60,11.13,60.23,42.5,420,376.22,5.84,0,FALSE,1,1,TRUE,4.6958,0,1,FALSE,3.5594,0,FALSE,15,1,3,2022
CB433_21,CO,64.3,high,563915,AW,253,236,236_3,2021,s,one month,cannibal,0,34,t60,11.73,61.38,42.7,510,450.32,0.2,1,TRUE,1,1,TRUE,4.5528,0,1,FALSE,0.8,1,TRUE,7,1,3,2022
CB8_21,CP,67.8,high,83242,AC,256,1,1_3,2021,s,one month,success,1,35,t60,13.38,59.75,45.5,605,439.74,0.65,0,FALSE,1,1,TRUE,11.7609,0,1,FALSE,12.6885,0,FALSE,0,0,3,2022
CB8_21,CP,67.8,high,83242,AC,256,110,110_3,2021,s,initiation,success,1,2,t0,12.92,2.9,45.4,620,453.7,31.15,0,FALSE,12.7778,0,FALSE,0.8,1,0,TRUE,0.8,1,TRUE,0,0,3,2022
CB8_21,CP,67.8,high,83242,AC,256,203,203_3,2021,s,one month,success,1,35,t0,12.42,2.18,45.5,605,439.74,0.74,0,FALSE,1,1,TRUE,0.8,1,0,TRUE,0.8,1,TRUE,0,0,3,2022
CB96_21,CQ,67.9,high,565780,BR,711,112,112_3,2021,s,initiation,success,1,1,t60,13.94,60.2,44.2,460,365.4,52.02,0,FALSE,19.8061,0,FALSE,3.9134,0,1,FALSE,0.8,1,TRUE,0,0,3,2022
CB96_21,CQ,67.9,high,565780,BR,711,121,121_3,2021,s,initiation,success,1,1,t0,12.96,1.33,44.2,460,365.4,53.96,0,FALSE,18.4856,0,FALSE,0.8,1,0,TRUE,0.8,1,TRUE,0,0,3,2022
CB96_21,CQ,67.9,high,565780,BR,711,123,123_3,2021,s,one month,success,1,33,t60,11.25,62.67,43.9,475,385.27,0.2,1,TRUE,1,1,TRUE,5.7254,0,1,FALSE,0.8,1,TRUE,0,0,3,2022
CB96_21,CQ,67.9,high,565780,BR,711,215,215_3,2021,s,one month,success,1,33,t0,10.25,2.5,43.9,475,385.27,0.25,0,FALSE,1,1,TRUE,0.8,1,0,TRUE,0.8,1,TRUE,0,0,3,2022
